{
  "minecraft:recipes/misc/coal": {
    "criteria": {
      "has_the_recipe": "2018-06-30 19:13:19 +0200"
    },
    "done": true
  },
  "minecraft:recipes/building_blocks/coal_block": {
    "criteria": {
      "has_at_least_9_coal": "2018-06-30 19:13:19 +0200"
    },
    "done": true
  },
  "minecraft:adventure/adventuring_time": {
    "criteria": {
      "beaches": "2018-06-30 19:12:52 +0200",
      "plains": "2018-06-30 19:12:48 +0200",
      "ocean": "2018-06-30 19:12:14 +0200",
      "river": "2018-06-30 19:12:56 +0200"
    },
    "done": false
  }
}